Travel Offer ID,Legs Number,Profile,Starting point,Destination,Via,Departure time,Arrival time,Services,Transfers,Transfer duration,Walking distance to stop,Walking speed,Cycling distance to stop,Cycling speed,Driving speed,Quick,Reliable,Cheap,Comfortable,Door-to-door,Environmentally friendly,Short,Multitasking,Social,Panoramic,Healthy,LegMode,LegCarrier,LegSeat,LegLength
202105120007320,8,Business,Dublin,Milan,"['Krumlov', 'Praha', 'Crok', 'Porto', 'Paris', 'Frankfurt', 'Berlin']",2022-10-20 21:49,2022-11-02 08:53,"['Local type', 'Water transport', 'Telecabin']",Max 1,At least 30 min,2500m,Slow,15500m,Fast,Fast,0.9695,0.5465,0.6291,0.5501,0.2897,0.7253,0.0434,0.3425,0.3613,0.1573,0.5702,"['Other', 'Tram', 'Metro', 'Funicular', 'Toll', 'Urban', 'Metro', 'Bus']","['KLM', 'Iberia', 'AirFrance', 'RegioJet', 'VBB', 'AirFrance', 'SNFC', 'TMB']","['Window', 'Aisle', 'Large', 'Aisle', 'Large', 'Aisle', 'Aisle', 'Window']","[66, 100, 93, 67, 36, 72, 90, 96]"
202105120007321,4,Business,Dublin,Milan,"['Brugge', 'Rome', 'Porto']",2022-10-20 21:49,2022-11-02 08:53,"['Local type', 'Water transport', 'Telecabin']",Max 3,At least 45 min,3000m,Slow,14500m,Fast,Fast,0.3518,0.8133,0.4407,0.8321,0.2759,0.6489,0.6106,0.3631,0.6146,0.1728,0.2333,"['Metro', 'Taxi', 'Bike Sharing', 'Ship']","['FlixBus', 'Renfe', 'VBB', 'AirFrance']","['Large', 'Aisle', 'Aisle', 'Large']","[67, 100, 99, 10]"
202105120007322,8,Business,Dublin,Milan,"['Dublin', 'Milan', 'Nice', 'Praha', 'Madrid', 'Warsaw', 'Berlin']",2022-10-20 21:49,2022-11-02 08:53,"['Local type', 'Water transport', 'Telecabin']",Max 1,At least 40 min,4000m,Slow,12500m,Fast,Fast,0.6747,0.9007,0.7457,0.133,0.4601,0.9747,0.3047,0.5251,0.137,0.1799,0.244,"['Funicular', 'Urban', 'Car Sharing', 'Bike Sharing', 'Airline', 'Intercity', 'Cable Way', 'Trolely Bus']","['KLM', 'Renfe', 'Trenitalia', 'FlixBus', 'KLM', 'AirFrance', 'Renfe', 'Iberia']","['Window', 'Large', 'Window', 'Large', 'Large', 'Large', 'Aisle', 'Large']","[86, 86, 93, 13, 89, 61, 99, 68]"
202105120007323,8,Business,Dublin,Milan,"['Porto', 'Bruxelle', 'Frankfurt', 'London', 'Praha', 'Berlin', 'Madrid']",2022-10-20 21:49,2022-11-02 08:53,"['Local type', 'Water transport', 'Telecabin']",Max 4,At least 45 min,1000m,Slow,14500m,Fast,Fast,0.936,0.608,0.0224,0.4077,0.25,0.7685,0.616,0.0176,0.3961,0.4032,0.6447,"['Taxi', 'Other', 'Metro', 'Cable Way', 'Toll', 'Toll', 'Taxi', 'Ship']","['KLM', 'FlixBus', 'AirFrance', 'RegioJet', 'AirFrance', 'AirFrance', 'AirFrance', 'FlixBus']","['Aisle', 'Aisle', 'Large', 'Window', 'Aisle', 'Aisle', 'Large', 'Aisle']","[70, 46, 79, 40, 38, 53, 85, 16]"
202105120007324,10,Business,Dublin,Milan,"['Lisbon', 'Frankfurt', 'London', 'Porto', 'Praha', 'Bruxelle', 'Madrid', 'Warsaw', 'Nice']",2022-10-20 21:49,2022-11-02 08:53,"['Local type', 'Water transport', 'Telecabin']",Max 1,At least 35 min,4500m,Slow,5500m,Fast,Fast,0.6375,0.6543,0.1691,0.3312,0.4932,0.276,0.5356,0.9555,0.7188,0.6339,0.23,"['Urban', 'Bus', 'Trolely Bus', 'Ship', 'Ship', 'Bus', 'Metro', 'Toll', 'Urban', 'Other']","['KLM', 'TMB', 'Renfe', 'FlixBus', 'Iberia', 'FlixBus', 'AirFrance', 'RegioJet', 'FlixBus', 'KLM']","['Large', 'Large', 'Window', 'Large', 'Aisle', 'Aisle', 'Window', 'Aisle', 'Aisle', 'Window']","[75, 13, 47, 93, 15, 33, 52, 34, 43, 15]"
202105120007325,7,Business,Dublin,Milan,"['Nice', 'Porto', 'Bruxelle', 'Kraków', 'Berlin', 'Krumlov']",2022-10-20 21:49,2022-11-02 08:53,"['Local type', 'Water transport', 'Telecabin']",None,At least 20 min,2000m,Slow,14000m,Fast,Fast,0.9657,0.0605,0.5825,0.1434,0.4649,0.3571,0.4211,0.3081,0.9969,0.6065,0.4274,"['Ship', 'Intercity', 'Urban', 'Toll', 'Trolely Bus', 'Funicular', 'Metro']","['VBB', 'AirFrance', 'FlixBus', 'KLM', 'TMB', 'VBB', 'Iberia']","['Large', 'Large', 'Aisle', 'Large', 'Aisle', 'Large', 'Window']","[64, 93, 49, 31, 32, 67, 26]"
202105120007326,6,Business,Dublin,Milan,"['Brugge', 'Warsaw', 'Lisbon', 'Frankfurt', 'Bruxelle']",2022-10-20 21:49,2022-11-02 08:53,"['Local type', 'Water transport', 'Telecabin']",Max 1,At least 20 min,500m,Slow,2500m,Fast,Fast,0.0228,0.1038,0.6792,0.8705,0.8603,0.9373,0.2892,0.1503,0.5238,0.1441,0.9829,"['Ship', 'Tram', 'Tram', 'Urban', 'Car Sharing', 'Train']","['Iberia', 'KLM', 'Renfe', 'Iberia', 'SNFC', 'FlixBus']","['Window', 'Aisle', 'Aisle', 'Large', 'Aisle', 'Large']","[95, 42, 75, 31, 68, 56]"
202105120007327,5,Business,Dublin,Milan,"['Rome', 'Lisbon', 'Krumlov', 'Oxford']",2022-10-20 21:49,2022-11-02 08:53,"['Local type', 'Water transport', 'Telecabin']",Max 3,At least 15 min,1500m,Slow,18500m,Fast,Fast,0.6214,0.2539,0.0278,0.4627,0.4715,0.3482,0.5114,0.8851,0.2369,0.7615,0.4456,"['Train', 'Metro', 'Taxi', 'Bus', 'Funicular']","['RegioJet', 'Renfe', 'RegioJet', 'RegioJet', 'FlixBus']","['Window', 'Window', 'Aisle', 'Aisle', 'Aisle']","[33, 33, 60, 83, 98]"
202105120007328,2,Business,Dublin,Milan,['Oxford'],2022-10-20 21:49,2022-11-02 08:53,"['Local type', 'Water transport', 'Telecabin']",Max 3,At least 15 min,3000m,Slow,19500m,Fast,Fast,0.6455,0.6191,0.6385,0.5808,0.3929,0.1009,0.6086,0.0534,0.2005,0.7694,0.1285,"['Intercity', 'Other']","['VBB', 'KLM']","['Aisle', 'Aisle']","[72, 86]"
202105120007329,3,Business,Dublin,Milan,"['Rome', 'London']",2022-10-20 21:49,2022-11-02 08:53,"['Local type', 'Water transport', 'Telecabin']",Max 4,At least 30 min,1500m,Slow,17500m,Fast,Fast,0.9947,0.0028,0.37,0.8159,0.6342,0.1611,0.0618,0.7665,0.2028,0.4029,0.4415,"['Funicular', 'Intercity', 'Bike Sharing']","['AirFrance', 'KLM', 'Renfe']","['Aisle', 'Large', 'Large']","[45, 84, 16]"
2021051200073210,3,Business,Dublin,Milan,"['Frankfurt', 'Crok']",2022-10-20 21:49,2022-11-02 08:53,"['Local type', 'Water transport', 'Telecabin']",Unlimited,At least 40 min,1000m,Slow,8000m,Fast,Fast,0.6277,0.2269,0.0837,0.0068,0.5396,0.7453,0.6483,0.2597,0.2279,0.0817,0.7895,"['Ship', 'Urban', 'Trolely Bus']","['Renfe', 'TMB', 'KLM']","['Aisle', 'Window', 'Aisle']","[80, 56, 35]"
2021051200073211,2,Business,Dublin,Milan,['Porto'],2022-10-20 21:49,2022-11-02 08:53,"['Local type', 'Water transport', 'Telecabin']",Max 3,At least 45 min,1000m,Slow,17000m,Fast,Fast,0.0356,0.73,0.6896,0.6844,0.6624,0.2269,0.2338,0.3576,0.4061,0.6206,0.0433,"['Funicular', 'Intercity']","['KLM', 'Renfe']","['Large', 'Window']","[77, 46]"
2021051200073212,10,Business,Dublin,Milan,"['Milan', 'Brugge', 'Kraków', 'Paris', 'London', 'Oxford', 'Madrid', 'Rome', 'Barcelona']",2022-10-20 21:49,2022-11-02 08:53,"['Local type', 'Water transport', 'Telecabin']",Unlimited,At least 35 min,4500m,Slow,2500m,Fast,Fast,0.6674,0.5209,0.7401,0.9168,0.3917,0.6058,0.7738,0.684,0.5653,0.4504,0.6189,"['Bike Sharing', 'Urban', 'Trolely Bus', 'Trolely Bus', 'Toll', 'Toll', 'Park', 'Toll', 'Other', 'Other']","['KLM', 'Trenitalia', 'RegioJet', 'SNFC', 'TMB', 'TMB', 'Trenitalia', 'RegioJet', 'SNFC', 'Iberia']","['Aisle', 'Large', 'Window', 'Large', 'Large', 'Window', 'Window', 'Aisle', 'Large', 'Aisle']","[33, 81, 16, 58, 52, 73, 77, 26, 20, 43]"
2021051200073213,7,Business,Dublin,Milan,"['Rome', 'Praha', 'Lisbon', 'Bruxelle', 'Crok', 'Oxford']",2022-10-20 21:49,2022-11-02 08:53,"['Local type', 'Water transport', 'Telecabin']",Max 4,At least 40 min,1500m,Slow,16000m,Fast,Fast,0.1247,0.6255,0.3679,0.0186,0.7121,0.8442,0.6576,0.3586,0.8535,0.3208,0.3865,"['Airline', 'Ship', 'Coach', 'Tram', 'Park', 'Train', 'Intercity']","['RegioJet', 'SNFC', 'RegioJet', 'SNFC', 'Renfe', 'KLM', 'AirFrance']","['Aisle', 'Large', 'Window', 'Window', 'Aisle', 'Large', 'Aisle']","[27, 25, 43, 98, 10, 16, 64]"
2021051200073214,9,Business,Dublin,Milan,"['Lisbon', 'London', 'Frankfurt', 'Porto', 'Kraków', 'Oxford', 'Krumlov', 'Rome']",2022-10-20 21:49,2022-11-02 08:53,"['Local type', 'Water transport', 'Telecabin']",Unlimited,At least 35 min,1000m,Slow,6500m,Fast,Fast,0.8323,0.2964,0.67,0.6191,0.4968,0.3396,0.3057,0.9102,0.1093,0.9418,0.7642,"['Car Sharing', 'Coach', 'Trolely Bus', 'Coach', 'Intercity', 'Bus', 'Airline', 'Airline', 'Intercity']","['Trenitalia', 'SNFC', 'RegioJet', 'Iberia', 'AirFrance', 'FlixBus', 'Trenitalia', 'KLM', 'Trenitalia']","['Window', 'Aisle', 'Large', 'Aisle', 'Large', 'Large', 'Aisle', 'Aisle', 'Window']","[84, 15, 85, 82, 80, 86, 31, 62, 70]"
2021051200073215,8,Business,Dublin,Milan,"['Praha', 'Frankfurt', 'Brugge', 'London', 'Barcelona', 'Porto', 'Bruxelle']",2022-10-20 21:49,2022-11-02 08:53,"['Local type', 'Water transport', 'Telecabin']",Max 3,At least 45 min,2000m,Slow,2000m,Fast,Fast,0.2469,0.7942,0.59,0.9141,0.6162,0.6432,0.6078,0.6307,0.0511,0.3879,0.2404,"['Taxi', 'Taxi', 'Bus', 'Bus', 'Funicular', 'Trolely Bus', 'Coach', 'Car Sharing']","['Renfe', 'RegioJet', 'FlixBus', 'Iberia', 'Trenitalia', 'Renfe', 'FlixBus', 'KLM']","['Aisle', 'Window', 'Large', 'Large', 'Aisle', 'Large', 'Aisle', 'Window']","[63, 69, 80, 24, 86, 76, 69, 59]"
2021051200073216,2,Business,Dublin,Milan,['Milan'],2022-10-20 21:49,2022-11-02 08:53,"['Local type', 'Water transport', 'Telecabin']",Max 1,At least 35 min,1000m,Slow,10500m,Fast,Fast,0.447,0.1119,0.287,0.1951,0.3907,0.8331,0.6464,0.55,0.588,0.8116,0.7462,"['Park', 'Intercity']","['Trenitalia', 'VBB']","['Aisle', 'Window']","[47, 21]"
2021051200073217,2,Business,Dublin,Milan,['Barcelona'],2022-10-20 21:49,2022-11-02 08:53,"['Local type', 'Water transport', 'Telecabin']",Max 4,At least 45 min,500m,Slow,5000m,Fast,Fast,0.8745,0.8201,0.8241,0.2574,0.2474,0.3971,0.973,0.5758,0.4881,0.3069,0.0097,"['Bike Sharing', 'Funicular']","['RegioJet', 'VBB']","['Large', 'Window']","[17, 88]"
2021051200073218,1,Business,Dublin,Milan,[],2022-10-20 21:49,2022-11-02 08:53,"['Local type', 'Water transport', 'Telecabin']",Max 1,At least 30 min,2000m,Slow,18000m,Fast,Fast,0.9386,0.3219,0.8016,0.6935,0.5699,0.3933,0.6092,0.0888,0.1139,0.8999,0.427,['Park'],['TMB'],['Aisle'],[86]
2021051200073219,2,Business,Dublin,Milan,['Porto'],2022-10-20 21:49,2022-11-02 08:53,"['Local type', 'Water transport', 'Telecabin']",Max 4,At least 25 min,3000m,Slow,9500m,Fast,Fast,0.8625,0.244,0.3448,0.7632,0.9404,0.1051,0.8406,0.3876,0.4944,0.0594,0.0618,"['Taxi', 'Intercity']","['Iberia', 'RegioJet']","['Aisle', 'Aisle']","[87, 70]"
2021051200073220,4,Business,Dublin,Milan,"['Crok', 'Frankfurt', 'Lisbon']",2022-10-20 21:49,2022-11-02 08:53,"['Local type', 'Water transport', 'Telecabin']",Max 2,At least 30 min,2000m,Slow,6000m,Fast,Fast,0.6429,0.1462,0.7286,0.1914,0.002,0.7887,0.3745,0.7972,0.423,0.0517,0.8813,"['Metro', 'Taxi', 'Train', 'Bus']","['Renfe', 'Iberia', 'FlixBus', 'Iberia']","['Window', 'Large', 'Large', 'Large']","[54, 87, 97, 22]"
2021051200073221,8,Business,Dublin,Milan,"['Bruxelle', 'Lisbon', 'Nice', 'Krumlov', 'Madrid', 'Milan', 'Porto']",2022-10-20 21:49,2022-11-02 08:53,"['Local type', 'Water transport', 'Telecabin']",Max 4,At least 35 min,1000m,Slow,8500m,Fast,Fast,0.7665,0.1298,0.1004,0.9687,0.5171,0.826,0.9996,0.9483,0.471,0.573,0.2716,"['Urban', 'Urban', 'Funicular', 'Park', 'Urban', 'Toll', 'Metro', 'Bike Sharing']","['Iberia', 'Trenitalia', 'FlixBus', 'AirFrance', 'FlixBus', 'SNFC', 'KLM', 'Renfe']","['Large', 'Window', 'Large', 'Window', 'Large', 'Aisle', 'Large', 'Window']","[71, 53, 51, 63, 37, 32, 97, 13]"
2021051200073222,5,Business,Dublin,Milan,"['Dublin', 'Krumlov', 'Praha', 'Warsaw']",2022-10-20 21:49,2022-11-02 08:53,"['Local type', 'Water transport', 'Telecabin']",Max 4,At least 45 min,500m,Slow,9500m,Fast,Fast,0.6666,0.0155,0.7007,0.95,0.1853,0.2197,0.0166,0.2,0.1373,0.7287,0.765,"['Intercity', 'Taxi', 'Metro', 'Airline', 'Cable Way']","['RegioJet', 'AirFrance', 'AirFrance', 'RegioJet', 'FlixBus']","['Aisle', 'Aisle', 'Window', 'Large', 'Window']","[51, 60, 18, 76, 21]"
2021051200073223,8,Business,Dublin,Milan,"['Crok', 'Brugge', 'Madrid', 'Bruxelle', 'Barcelona', 'Oxford', 'London']",2022-10-20 21:49,2022-11-02 08:53,"['Local type', 'Water transport', 'Telecabin']",Max 4,normal,2000m,Slow,18500m,Fast,Fast,0.8495,0.8624,0.4085,0.5611,0.1618,0.5405,0.1576,0.345,0.8674,0.4327,0.4767,"['Cable Way', 'Ship', 'Bus', 'Car Sharing', 'Tram', 'Coach', 'Trolely Bus', 'Train']","['SNFC', 'VBB', 'Trenitalia', 'TMB', 'Trenitalia', 'FlixBus', 'KLM', 'KLM']","['Large', 'Aisle', 'Large', 'Aisle', 'Window', 'Window', 'Window', 'Aisle']","[94, 56, 20, 78, 65, 90, 86, 40]"
2021051200073224,8,Business,Dublin,Milan,"['Krumlov', 'Bruxelle', 'Warsaw', 'Crok', 'Milan', 'Berlin', 'Frankfurt']",2022-10-20 21:49,2022-11-02 08:53,"['Local type', 'Water transport', 'Telecabin']",Max 2,At least 25 min,3500m,Slow,6000m,Fast,Fast,0.6617,0.5096,0.3959,0.0093,0.4684,0.6759,0.8406,0.5866,0.1159,0.4046,0.5023,"['Trolely Bus', 'Metro', 'Other', 'Car Sharing', 'Metro', 'Ship', 'Park', 'Tram']","['VBB', 'KLM', 'KLM', 'AirFrance', 'TMB', 'AirFrance', 'KLM', 'TMB']","['Aisle', 'Window', 'Aisle', 'Window', 'Window', 'Aisle', 'Aisle', 'Aisle']","[70, 59, 100, 86, 37, 27, 32, 33]"
2021051200073225,9,Business,Dublin,Milan,"['Brugge', 'Crok', 'Bruxelle', 'Milan', 'Madrid', 'Barcelona', 'Nice', 'Porto']",2022-10-20 21:49,2022-11-02 08:53,"['Local type', 'Water transport', 'Telecabin']",Unlimited,At least 25 min,1000m,Slow,4500m,Fast,Fast,0.6967,0.5596,0.6746,0.8229,0.1734,0.3772,0.0418,0.9499,0.6908,0.8826,0.2784,"['Ship', 'Airline', 'Urban', 'Park', 'Toll', 'Taxi', 'Tram', 'Ship', 'Other']","['Iberia', 'FlixBus', 'Trenitalia', 'AirFrance', 'FlixBus', 'KLM', 'Trenitalia', 'Renfe', 'RegioJet']","['Large', 'Window', 'Large', 'Window', 'Large', 'Window', 'Window', 'Large', 'Window']","[46, 47, 63, 95, 91, 27, 29, 33, 52]"
2021051200073226,6,Business,Dublin,Milan,"['Frankfurt', 'Crok', 'Barcelona', 'Berlin', 'Warsaw']",2022-10-20 21:49,2022-11-02 08:53,"['Local type', 'Water transport', 'Telecabin']",Max 3,At least 35 min,4500m,Slow,8500m,Fast,Fast,0.5215,0.0069,0.1426,0.6791,0.2961,0.9548,0.0661,0.957,0.1204,0.7348,0.4147,"['Trolely Bus', 'Intercity', 'Train', 'Park', 'Metro', 'Other']","['Trenitalia', 'Iberia', 'RegioJet', 'AirFrance', 'Iberia', 'VBB']","['Window', 'Window', 'Window', 'Aisle', 'Window', 'Window']","[90, 58, 10, 81, 62, 48]"
2021051200073227,5,Business,Dublin,Milan,"['Berlin', 'Krumlov', 'Madrid', 'Porto']",2022-10-20 21:49,2022-11-02 08:53,"['Local type', 'Water transport', 'Telecabin']",Max 4,normal,3000m,Slow,7500m,Fast,Fast,0.1978,0.6189,0.0122,0.3277,0.1886,0.8675,0.7854,0.2033,0.3579,0.4063,0.8083,"['Metro', 'Urban', 'Tram', 'Urban', 'Park']","['FlixBus', 'Trenitalia', 'TMB', 'Trenitalia', 'SNFC']","['Large', 'Large', 'Aisle', 'Large', 'Large']","[75, 45, 41, 92, 84]"
2021051200073228,8,Business,Dublin,Milan,"['Bruxelle', 'Nice', 'Lisbon', 'Praha', 'Dublin', 'Barcelona', 'Frankfurt']",2022-10-20 21:49,2022-11-02 08:53,"['Local type', 'Water transport', 'Telecabin']",None,At least 35 min,1000m,Slow,14000m,Fast,Fast,0.8381,0.4217,0.6086,0.1129,0.7497,0.8461,0.7147,0.9594,0.9383,0.6072,0.1035,"['Train', 'Cable Way', 'Other', 'Car Sharing', 'Park', 'Park', 'Train', 'Taxi']","['VBB', 'TMB', 'Renfe', 'Renfe', 'RegioJet', 'AirFrance', 'FlixBus', 'Iberia']","['Aisle', 'Large', 'Window', 'Aisle', 'Large', 'Window', 'Window', 'Window']","[99, 80, 80, 36, 11, 87, 51, 40]"
2021051200073229,9,Business,Dublin,Milan,"['Oxford', 'Lisbon', 'Madrid', 'Nice', 'Dublin', 'London', 'Porto', 'Praha']",2022-10-20 21:49,2022-11-02 08:53,"['Local type', 'Water transport', 'Telecabin']",None,At least 20 min,500m,Slow,16500m,Fast,Fast,0.2189,0.5948,0.6706,0.9734,0.1281,0.0752,0.7421,0.3417,0.2699,0.5438,0.7502,"['Trolely Bus', 'Cable Way', 'Car Sharing', 'Trolely Bus', 'Funicular', 'Airline', 'Toll', 'Bike Sharing', 'Other']","['TMB', 'AirFrance', 'AirFrance', 'Iberia', 'Iberia', 'Trenitalia', 'FlixBus', 'FlixBus', 'VBB']","['Large', 'Aisle', 'Aisle', 'Large', 'Aisle', 'Large', 'Window', 'Aisle', 'Window']","[42, 89, 50, 73, 93, 34, 51, 45, 11]"
2021051200073230,4,Business,Dublin,Milan,"['Warsaw', 'Bruxelle', 'Madrid']",2022-10-20 21:49,2022-11-02 08:53,"['Local type', 'Water transport', 'Telecabin']",Max 1,At least 20 min,2000m,Slow,5500m,Fast,Fast,0.908,0.8788,0.2814,0.0701,0.4963,0.5738,0.5748,0.8164,0.5174,0.5684,0.5024,"['Urban', 'Cable Way', 'Urban', 'Funicular']","['Renfe', 'SNFC', 'FlixBus', 'SNFC']","['Large', 'Large', 'Window', 'Window']","[12, 73, 70, 93]"
2021051200073231,6,Business,Dublin,Milan,"['Berlin', 'Paris', 'Frankfurt', 'Porto', 'Praha']",2022-10-20 21:49,2022-11-02 08:53,"['Local type', 'Water transport', 'Telecabin']",Unlimited,At least 40 min,3000m,Slow,3000m,Fast,Fast,0.0207,0.5906,0.416,0.4651,0.7252,0.9808,0.7266,0.1036,0.1886,0.945,0.7858,"['Trolely Bus', 'Park', 'Airline', 'Ship', 'Tram', 'Urban']","['FlixBus', 'KLM', 'KLM', 'FlixBus', 'Iberia', 'Iberia']","['Large', 'Window', 'Window', 'Large', 'Aisle', 'Large']","[69, 47, 29, 18, 85, 85]"
